meat_type,date,price
"Mutton, kg",2018-01-03,5090.0
"Beef, kg",2018-01-03,6470.0
"Horse meat, kg",2018-01-03,4900.0
"Goat meat, kg",2018-01-03,3435.0
"Mutton, kg",2018-01-10,5100.0
"Beef, kg",2018-01-10,6475.0
"Horse meat, kg",2018-01-10,4900.0
"Goat meat, kg",2018-01-10,3435.0
"Mutton, kg",2018-01-17,5185.0
"Beef, kg",2018-01-17,6525.0
"Horse meat, kg",2018-01-17,5050.0
"Goat meat, kg",2018-01-17,3565.0
"Mutton, kg",2018-01-24,4960.0
"Beef, kg",2018-01-24,6525.0
"Horse meat, kg",2018-01-24,5050.0
"Goat meat, kg",2018-01-24,3565.0
"Mutton, kg",2018-01-31,5870.0
"Beef, kg",2018-01-31,7075.0
"Horse meat, kg",2018-01-31,5500.0
"Goat meat, kg",2018-01-31,4100.0
"Mutton, kg",2018-02-07,6035.0
"Beef, kg",2018-02-07,7165.0
"Horse meat, kg",2018-02-07,5500.0
"Goat meat, kg",2018-02-07,4100.0
"Mutton, kg",2018-02-14,5970.0
"Beef, kg",2018-02-14,7120.0
"Horse meat, kg",2018-02-14,5500.0
"Goat meat, kg",2018-02-14,4100.0
"Mutton, kg",2018-02-21,5890.0
"Beef, kg",2018-02-21,7085.0
"Horse meat, kg",2018-02-21,5500.0
"Goat meat, kg",2018-02-21,4035.0
"Mutton, kg",2018-02-28,5880.0
"Beef, kg",2018-02-28,7075.0
"Horse meat, kg",2018-02-28,5575.0
"Goat meat, kg",2018-02-28,4035.0
"Mutton, kg",2018-03-07,5790.0
"Beef, kg",2018-03-07,7155.0
"Horse meat, kg",2018-03-07,5575.0
"Goat meat, kg",2018-03-07,4035.0
"Mutton, kg",2018-03-14,6240.0
"Beef, kg",2018-03-14,7550.0
"Horse meat, kg",2018-03-14,5575.0
"Goat meat, kg",2018-03-14,4365.0
"Mutton, kg",2018-03-21,7080.0
"Beef, kg",2018-03-21,8075.0
"Horse meat, kg",2018-03-21,5575.0
"Goat meat, kg",2018-03-21,5065.0
"Mutton, kg",2018-03-28,7120.0
"Beef, kg",2018-03-28,8180.0
"Horse meat, kg",2018-03-28,5875.0
"Goat meat, kg",2018-03-28,5400.0
"Mutton, kg",2018-04-04,7155.0
"Beef, kg",2018-04-04,8200.0
"Horse meat, kg",2018-04-04,6075.0
"Goat meat, kg",2018-04-04,5535.0
"Mutton, kg",2018-04-11,7180.0
"Beef, kg",2018-04-11,8200.0
"Horse meat, kg",2018-04-11,6075.0
"Goat meat, kg",2018-04-11,5535.0
"Mutton, kg",2018-04-18,7360.0
"Beef, kg",2018-04-18,8525.0
"Horse meat, kg",2018-04-18,6075.0
"Goat meat, kg",2018-04-18,5000.0
"Mutton, kg",2018-04-25,7465.0
"Beef, kg",2018-04-25,8525.0
"Horse meat, kg",2018-04-25,6075.0
"Goat meat, kg",2018-04-25,5000.0
"Mutton, kg",2018-05-02,7510.0
"Beef, kg",2018-05-02,8480.0
"Horse meat, kg",2018-05-02,6075.0
"Goat meat, kg",2018-05-02,5000.0
"Mutton, kg",2018-05-09,7465.0
"Beef, kg",2018-05-09,8435.0
"Horse meat, kg",2018-05-09,6075.0
"Goat meat, kg",2018-05-09,5000.0
"Mutton, kg",2018-05-16,7465.0
"Beef, kg",2018-05-16,8435.0
"Horse meat, kg",2018-05-16,6075.0
"Goat meat, kg",2018-05-16,5065.0
"Mutton, kg",2018-05-23,7520.0
"Beef, kg",2018-05-23,8490.0
"Horse meat, kg",2018-05-23,6075.0
"Goat meat, kg",2018-05-23,5065.0
"Mutton, kg",2018-05-30,7480.0
"Beef, kg",2018-05-30,8475.0
"Horse meat, kg",2018-05-30,6075.0
"Goat meat, kg",2018-05-30,5065.0
"Mutton, kg",2018-06-06,7520.0
"Beef, kg",2018-06-06,8500.0
"Horse meat, kg",2018-06-06,6075.0
"Goat meat, kg",2018-06-06,5065.0
"Mutton, kg",2018-06-13,7500.0
"Beef, kg",2018-06-13,8490.0
"Horse meat, kg",2018-06-13,6075.0
"Goat meat, kg",2018-06-13,5065.0
"Mutton, kg",2018-06-20,7490.0
"Beef, kg",2018-06-20,8920.0
"Horse meat, kg",2018-06-20,6600.0
"Goat meat, kg",2018-06-20,5265.0
"Mutton, kg",2018-06-27,7545.0
"Beef, kg",2018-06-27,9035.0
"Horse meat, kg",2018-06-27,6365.0
"Goat meat, kg",2018-06-27,5365.0
"Mutton, kg",2018-07-04,7575.0
"Beef, kg",2018-07-04,9160.0
"Horse meat, kg",2018-07-04,6600.0
"Goat meat, kg",2018-07-04,5350.0
"Mutton, kg",2018-07-10,7700.0
"Beef, kg",2018-07-10,9110.0
"Horse meat, kg",2018-07-10,6730.0
"Goat meat, kg",2018-07-10,5670.0
"Mutton, kg",2018-07-18,7520.0
"Beef, kg",2018-07-18,9340.0
"Horse meat, kg",2018-07-18,7125.0
"Goat meat, kg",2018-07-18,5500.0
"Mutton, kg",2018-07-25,7340.0
"Beef, kg",2018-07-25,8730.0
"Horse meat, kg",2018-07-25,6880.0
"Goat meat, kg",2018-07-25,5500.0
"Mutton, kg",2018-08-01,7315.0
"Beef, kg",2018-08-01,8710.0
"Horse meat, kg",2018-08-01,6375.0
"Goat meat, kg",2018-08-01,5500.0
"Mutton, kg",2018-08-08,7275.0
"Beef, kg",2018-08-08,8650.0
"Horse meat, kg",2018-08-08,6375.0
"Goat meat, kg",2018-08-08,5500.0
"Mutton, kg",2018-08-15,6810.0
"Beef, kg",2018-08-15,7980.0
"Horse meat, kg",2018-08-15,6250.0
"Goat meat, kg",2018-08-15,5350.0
"Mutton, kg",2018-08-22,6800.0
"Beef, kg",2018-08-22,7910.0
"Horse meat, kg",2018-08-22,6250.0
"Goat meat, kg",2018-08-22,5000.0
"Mutton, kg",2018-08-29,6710.0
"Beef, kg",2018-08-29,7880.0
"Horse meat, kg",2018-08-29,6125.0
"Goat meat, kg",2018-08-29,4900.0
"Mutton, kg",2018-09-05,6580.0
"Beef, kg",2018-09-05,7835.0
"Horse meat, kg",2018-09-05,6125.0
"Goat meat, kg",2018-09-05,4700.0
"Mutton, kg",2018-09-12,6420.0
"Beef, kg",2018-09-12,7810.0
"Horse meat, kg",2018-09-12,6125.0
"Goat meat, kg",2018-09-12,4700.0
"Mutton, kg",2018-09-19,6360.0
"Beef, kg",2018-09-19,7780.0
"Horse meat, kg",2018-09-19,6125.0
"Goat meat, kg",2018-09-19,4700.0
"Mutton, kg",2018-09-26,6290.0
"Beef, kg",2018-09-26,7700.0
"Horse meat, kg",2018-09-26,5950.0
"Goat meat, kg",2018-09-26,4700.0
"Mutton, kg",2018-10-03,6260.0
"Beef, kg",2018-10-03,7710.0
"Horse meat, kg",2018-10-03,5900.0
"Goat meat, kg",2018-10-03,4550.0
"Mutton, kg",2018-10-10,6210.0
"Beef, kg",2018-10-10,7690.0
"Horse meat, kg",2018-10-10,5775.0
"Goat meat, kg",2018-10-10,4550.0
"Mutton, kg",2018-10-17,6370.0
"Beef, kg",2018-10-17,7810.0
"Horse meat, kg",2018-10-17,5850.0
"Goat meat, kg",2018-10-17,4900.0
"Mutton, kg",2018-10-24,6580.0
"Beef, kg",2018-10-24,7980.0
"Horse meat, kg",2018-10-24,5850.0
"Goat meat, kg",2018-10-24,5000.0
"Mutton, kg",2018-10-31,6780.0
"Beef, kg",2018-10-31,8035.0
"Horse meat, kg",2018-10-31,5850.0
"Goat meat, kg",2018-10-31,5100.0
"Mutton, kg",2018-11-07,6855.0
"Beef, kg",2018-11-07,8080.0
"Horse meat, kg",2018-11-07,5850.0
"Goat meat, kg",2018-11-07,5200.0
"Mutton, kg",2018-11-14,6765.0
"Beef, kg",2018-11-14,8020.0
"Horse meat, kg",2018-11-14,5800.0
"Goat meat, kg",2018-11-14,4900.0
"Mutton, kg",2018-11-21,6600.0
"Beef, kg",2018-11-21,7965.0
"Horse meat, kg",2018-11-21,5800.0
"Goat meat, kg",2018-11-21,4900.0
"Mutton, kg",2018-11-28,6540.0
"Beef, kg",2018-11-28,7945.0
"Horse meat, kg",2018-11-28,6025.0
"Goat meat, kg",2018-11-28,4900.0
"Mutton, kg",2018-12-05,6460.0
"Beef, kg",2018-12-05,7835.0
"Horse meat, kg",2018-12-05,6025.0
"Goat meat, kg",2018-12-05,4900.0
"Mutton, kg",2018-12-12,6680.0
"Beef, kg",2018-12-12,8420.0
"Horse meat, kg",2018-12-12,6450.0
"Goat meat, kg",2018-12-12,5400.0
"Mutton, kg",2018-12-19,6750.0
"Beef, kg",2018-12-19,8445.0
"Horse meat, kg",2018-12-19,6525.0
"Goat meat, kg",2018-12-19,5500.0
"Mutton, kg",2018-12-26,6885.0
"Beef, kg",2018-12-26,8520.0
"Horse meat, kg",2018-12-26,6525.0
"Goat meat, kg",2018-12-26,5500.0
"Mutton, kg",2019-01-02,6955.0
"Beef, kg",2019-01-02,8580.0
"Horse meat, kg",2019-01-02,6525.0
"Goat meat, kg",2019-01-02,5650.0
"Mutton, kg",2019-01-09,6980.0
"Beef, kg",2019-01-09,8745.0
"Horse meat, kg",2019-01-09,6750.0
"Goat meat, kg",2019-01-09,5800.0
"Mutton, kg",2019-01-16,7219.0
"Beef, kg",2019-01-16,8982.0
"Horse meat, kg",2019-01-16,6745.0
"Goat meat, kg",2019-01-16,5800.0
"Mutton, kg",2019-01-23,7273.0
"Beef, kg",2019-01-23,8982.0
"Horse meat, kg",2019-01-23,6745.0
"Goat meat, kg",2019-01-23,5800.0
"Mutton, kg",2019-01-30,7364.0
"Beef, kg",2019-01-30,8994.0
"Horse meat, kg",2019-01-30,6745.0
"Goat meat, kg",2019-01-30,6000.0
"Mutton, kg",2019-02-13,7320.0
"Beef, kg",2019-02-13,8965.0
"Horse meat, kg",2019-02-13,6750.0
"Goat meat, kg",2019-02-13,6000.0
"Mutton, kg",2019-02-20,7368.0
"Beef, kg",2019-02-20,8911.0
"Horse meat, kg",2019-02-20,6745.0
"Goat meat, kg",2019-02-20,6000.0
"Mutton, kg",2019-02-27,7283.0
"Beef, kg",2019-02-27,8826.0
"Horse meat, kg",2019-02-27,6745.0
"Goat meat, kg",2019-02-27,5899.0
"Mutton, kg",2019-03-06,7688.0
"Beef, kg",2019-03-06,9279.0
"Horse meat, kg",2019-03-06,6745.0
"Goat meat, kg",2019-03-06,5899.0
"Mutton, kg",2019-03-13,7762.0
"Beef, kg",2019-03-13,9300.0
"Horse meat, kg",2019-03-13,6745.0
"Goat meat, kg",2019-03-13,5899.0
"Mutton, kg",2019-03-20,7949.0
"Beef, kg",2019-03-20,9393.0
"Horse meat, kg",2019-03-20,6745.0
"Goat meat, kg",2019-03-20,5899.0
"Mutton, kg",2019-03-27,8368.0
"Beef, kg",2019-03-27,9534.0
"Horse meat, kg",2019-03-27,6745.0
"Goat meat, kg",2019-03-27,6399.0
"Mutton, kg",2019-04-03,8588.0
"Beef, kg",2019-04-03,9642.0
"Horse meat, kg",2019-04-03,6745.0
"Goat meat, kg",2019-04-03,6399.0
"Mutton, kg",2019-04-10,8734.0
"Beef, kg",2019-04-10,9642.0
"Horse meat, kg",2019-04-10,6745.0
"Goat meat, kg",2019-04-10,6399.0
"Mutton, kg",2019-04-17,8744.0
"Beef, kg",2019-04-17,9642.0
"Horse meat, kg",2019-04-17,6697.0
"Goat meat, kg",2019-04-17,6399.0
"Mutton, kg",2019-04-24,8775.0
"Beef, kg",2019-04-24,9621.0
"Horse meat, kg",2019-04-24,6697.0
"Goat meat, kg",2019-04-24,6399.0
"Mutton, kg",2019-05-01,8734.0
"Beef, kg",2019-05-01,9599.0
"Horse meat, kg",2019-05-01,6697.0
"Goat meat, kg",2019-05-01,6399.0
"Mutton, kg",2019-05-08,8753.0
"Beef, kg",2019-05-08,9599.0
"Horse meat, kg",2019-05-08,6745.0
"Goat meat, kg",2019-05-08,6399.0
"Mutton, kg",2019-05-15,10658.0
"Beef, kg",2019-05-15,11912.0
"Horse meat, kg",2019-05-15,9188.0
"Goat meat, kg",2019-05-15,8800.0
"Mutton, kg",2019-05-22,10522.0
"Beef, kg",2019-05-22,11850.0
"Horse meat, kg",2019-05-22,9188.0
"Goat meat, kg",2019-05-22,8800.0
"Mutton, kg",2019-05-29,10422.0
"Beef, kg",2019-05-29,11850.0
"Horse meat, kg",2019-05-29,9188.0
"Goat meat, kg",2019-05-29,8800.0
"Mutton, kg",2019-06-05,10345.0
"Beef, kg",2019-06-05,11741.0
"Horse meat, kg",2019-06-05,9071.0
"Goat meat, kg",2019-06-05,8800.0
"Mutton, kg",2019-06-12,10458.0
"Beef, kg",2019-06-12,11727.0
"Horse meat, kg",2019-06-12,9071.0
"Goat meat, kg",2019-06-12,8800.0
"Mutton, kg",2019-06-19,10484.0
"Beef, kg",2019-06-19,11727.0
"Horse meat, kg",2019-06-19,9071.0
"Goat meat, kg",2019-06-19,8800.0
"Mutton, kg",2019-06-26,10440.0
"Beef, kg",2019-06-26,11614.0
"Horse meat, kg",2019-06-26,9071.0
"Goat meat, kg",2019-06-26,8500.0
"Mutton, kg",2019-07-03,10132.0
"Beef, kg",2019-07-03,12304.0
"Horse meat, kg",2019-07-03,9058.0
"Goat meat, kg",2019-07-03,8399.0
"Mutton, kg",2019-07-10,10076.0
"Beef, kg",2019-07-10,12457.0
"Horse meat, kg",2019-07-10,9496.0
"Goat meat, kg",2019-07-10,8546.0
"Mutton, kg",2019-07-17,10110.0
"Beef, kg",2019-07-17,12500.0
"Horse meat, kg",2019-07-17,9414.0
"Goat meat, kg",2019-07-17,8546.0
"Mutton, kg",2019-07-24,10110.0
"Beef, kg",2019-07-24,12205.0
"Horse meat, kg",2019-07-24,9414.0
"Goat meat, kg",2019-07-24,8546.0
"Mutton, kg",2019-07-31,9785.0
"Beef, kg",2019-07-31,11940.0
"Horse meat, kg",2019-07-31,9090.0
"Goat meat, kg",2019-07-31,8399.0
"Mutton, kg",2019-08-07,9735.0
"Beef, kg",2019-08-07,11825.0
"Horse meat, kg",2019-08-07,9169.0
"Goat meat, kg",2019-08-07,8399.0
"Mutton, kg",2019-08-14,9668.0
"Beef, kg",2019-08-14,11660.0
"Horse meat, kg",2019-08-14,8823.0
"Goat meat, kg",2019-08-14,8399.0
"Mutton, kg",2019-08-21,9667.8
"Beef, kg",2019-08-21,11364.1
"Horse meat, kg",2019-08-21,8822.6
"Goat meat, kg",2019-08-21,8399.4
"Mutton, kg",2019-08-28,9735.5
"Beef, kg",2019-08-28,11308.1
"Horse meat, kg",2019-08-28,8822.6
"Goat meat, kg",2019-08-28,8399.4
"Mutton, kg",2019-09-04,9695.0
"Beef, kg",2019-09-04,11391.4
"Horse meat, kg",2019-09-04,8822.6
"Goat meat, kg",2019-09-04,8399.4
"Mutton, kg",2019-09-11,9655.5
"Beef, kg",2019-09-11,11374.5
"Horse meat, kg",2019-09-11,8822.6
"Goat meat, kg",2019-09-11,8399.4
"Mutton, kg",2019-09-18,9618.5
"Beef, kg",2019-09-18,11374.5
"Horse meat, kg",2019-09-18,8822.6
"Goat meat, kg",2019-09-18,8399.4
"Mutton, kg",2019-09-25,9596.2
"Beef, kg",2019-09-25,11353.3
"Horse meat, kg",2019-09-25,8571.2
"Goat meat, kg",2019-09-25,8399.4
"Mutton, kg",2019-10-02,9549.5
"Beef, kg",2019-10-02,11252.5
"Horse meat, kg",2019-10-02,8571.2
"Goat meat, kg",2019-10-02,8399.4
"Mutton, kg",2019-10-09,9289.5
"Beef, kg",2019-10-09,11188.5
"Horse meat, kg",2019-10-09,8571.2
"Goat meat, kg",2019-10-09,8399.4
"Mutton, kg",2019-10-16,9210.3
"Beef, kg",2019-10-16,11136.8
"Horse meat, kg",2019-10-16,8571.2
"Goat meat, kg",2019-10-16,7245.7
"Mutton, kg",2019-10-23,9086.4
"Beef, kg",2019-10-23,10975.6
"Horse meat, kg",2019-10-23,8364.9
"Goat meat, kg",2019-10-23,7245.7
"Mutton, kg",2019-10-30,8333.9
"Beef, kg",2019-10-30,10197.7
"Horse meat, kg",2019-10-30,8364.9
"Goat meat, kg",2019-10-30,7245.7
"Mutton, kg",2019-11-06,8312.9
"Beef, kg",2019-11-06,10135.3
"Horse meat, kg",2019-11-06,8364.9
"Goat meat, kg",2019-11-06,6500.0
"Mutton, kg",2019-11-13,7694.0
"Beef, kg",2019-11-13,10274.5
"Horse meat, kg",2019-11-13,8364.9
"Goat meat, kg",2019-11-13,6000.0
"Mutton, kg",2019-11-20,7507.9
"Beef, kg",2019-11-20,10084.0
"Horse meat, kg",2019-11-20,8364.9
"Goat meat, kg",2019-11-20,6000.0
"Mutton, kg",2019-11-28,7507.9
"Beef, kg",2019-11-28,10084.0
"Horse meat, kg",2019-11-28,8364.9
"Goat meat, kg",2019-11-28,6000.0
"Mutton, kg",2019-12-04,7423.8
"Beef, kg",2019-12-04,9527.3
"Horse meat, kg",2019-12-04,8231.0
"Goat meat, kg",2019-12-04,6000.0
"Mutton, kg",2019-12-11,7423.8
"Beef, kg",2019-12-11,9487.2
"Horse meat, kg",2019-12-11,8231.0
"Goat meat, kg",2019-12-11,6000.0
"Mutton, kg",2019-12-18,7475.0
"Beef, kg",2019-12-18,9457.0
"Horse meat, kg",2019-12-18,8231.0
"Goat meat, kg",2019-12-18,6387.0
"Mutton, kg",2019-12-25,7622.0
"Beef, kg",2019-12-25,9748.0
"Horse meat, kg",2019-12-25,7969.0
"Goat meat, kg",2019-12-25,6493.0
"Mutton, kg",2020-01-02,8238.0
"Beef, kg",2020-01-02,10547.0
"Horse meat, kg",2020-01-02,8239.0
"Goat meat, kg",2020-01-02,6588.0
"Mutton, kg",2020-01-08,8082.0
"Beef, kg",2020-01-08,10017.0
"Horse meat, kg",2020-01-08,8239.0
"Goat meat, kg",2020-01-08,7246.0
"Mutton, kg",2020-01-15,8300.0
"Beef, kg",2020-01-15,10028.0
"Horse meat, kg",2020-01-15,8107.0
"Goat meat, kg",2020-01-15,6982.0
"Mutton, kg",2020-01-22,8687.0
"Beef, kg",2020-01-22,10652.0
"Horse meat, kg",2020-01-22,8107.0
"Goat meat, kg",2020-01-22,7141.0
"Mutton, kg",2020-01-29,9745.0
"Beef, kg",2020-01-29,11437.0
"Horse meat, kg",2020-01-29,9122.0
"Goat meat, kg",2020-01-29,8149.0
"Mutton, kg",2020-02-05,9589.0
"Beef, kg",2020-02-05,11452.0
"Horse meat, kg",2020-02-05,8993.0
"Goat meat, kg",2020-02-05,8149.0
"Mutton, kg",2020-02-12,9633.0
"Beef, kg",2020-02-12,11399.0
"Horse meat, kg",2020-02-12,9109.0
"Goat meat, kg",2020-02-12,8149.0
"Mutton, kg",2020-02-19,9575.0
"Beef, kg",2020-02-19,11399.0
"Horse meat, kg",2020-02-19,9109.0
"Goat meat, kg",2020-02-19,7589.0
"Mutton, kg",2020-02-27,9575.0
"Beef, kg",2020-02-27,11399.0
"Horse meat, kg",2020-02-27,9109.0
"Goat meat, kg",2020-02-27,7589.0
"Mutton, kg",2020-03-04,9632.0
"Beef, kg",2020-03-04,11385.0
"Horse meat, kg",2020-03-04,9109.0
"Goat meat, kg",2020-03-04,7823.0
"Mutton, kg",2020-03-11,9653.0
"Beef, kg",2020-03-11,11546.0
"Horse meat, kg",2020-03-11,9233.0
"Goat meat, kg",2020-03-11,7984.0
"Mutton, kg",2020-03-18,10080.0
"Beef, kg",2020-03-18,12106.0
"Horse meat, kg",2020-03-18,9366.0
"Goat meat, kg",2020-03-18,7984.0
"Mutton, kg",2020-03-25,9694.0
"Beef, kg",2020-03-25,11616.0
"Horse meat, kg",2020-03-25,9233.0
"Goat meat, kg",2020-03-25,7823.0
"Mutton, kg",2020-04-01,9694.0
"Beef, kg",2020-04-01,11616.0
"Horse meat, kg",2020-04-01,9109.0
"Goat meat, kg",2020-04-01,7730.0
"Mutton, kg",2020-04-08,9715.0
"Beef, kg",2020-04-08,11784.0
"Horse meat, kg",2020-04-08,8732.0
"Goat meat, kg",2020-04-08,7784.0
"Mutton, kg",2020-04-15,9748.0
"Beef, kg",2020-04-15,11932.0
"Horse meat, kg",2020-04-15,8858.0
"Goat meat, kg",2020-04-15,7784.0
"Mutton, kg",2020-04-22,10025.0
"Beef, kg",2020-04-22,11793.0
"Horse meat, kg",2020-04-22,9384.0
"Goat meat, kg",2020-04-22,8099.0
"Mutton, kg",2020-04-29,10002.0
"Beef, kg",2020-04-29,11553.0
"Horse meat, kg",2020-04-29,9290.0
"Goat meat, kg",2020-04-29,7389.0
"Mutton, kg",2020-05-06,10091.0
"Beef, kg",2020-05-06,11847.0
"Horse meat, kg",2020-05-06,9129.0
"Goat meat, kg",2020-05-06,7500.0
"Mutton, kg",2020-05-13,10122.0
"Beef, kg",2020-05-13,11914.0
"Horse meat, kg",2020-05-13,9721.0
"Goat meat, kg",2020-05-13,8099.0
"Mutton, kg",2020-05-20,10146.0
"Beef, kg",2020-05-20,11825.0
"Horse meat, kg",2020-05-20,9414.0
"Goat meat, kg",2020-05-20,8000.0
"Mutton, kg",2020-05-27,10141.0
"Beef, kg",2020-05-27,12175.0
"Horse meat, kg",2020-05-27,9695.0
"Goat meat, kg",2020-05-27,8649.0
"Mutton, kg",2020-06-03,10229.0
"Beef, kg",2020-06-03,12380.0
"Horse meat, kg",2020-06-03,9695.0
"Goat meat, kg",2020-06-03,8649.0
"Mutton, kg",2020-06-10,10393.0
"Beef, kg",2020-06-10,12640.0
"Horse meat, kg",2020-06-10,9835.0
"Goat meat, kg",2020-06-10,8649.0
"Mutton, kg",2020-06-17,10417.0
"Beef, kg",2020-06-17,12751.0
"Horse meat, kg",2020-06-17,9558.0
"Goat meat, kg",2020-06-17,8300.0
"Mutton, kg",2020-06-25,10504.0
"Beef, kg",2020-06-25,12794.0
"Horse meat, kg",2020-06-25,9558.0
"Goat meat, kg",2020-06-25,8300.0
"Mutton, kg",2020-07-01,10722.0
"Beef, kg",2020-07-01,12789.0
"Horse meat, kg",2020-07-01,9444.0
"Goat meat, kg",2020-07-01,8399.0
"Mutton, kg",2020-07-08,10702.0
"Beef, kg",2020-07-08,12789.0
"Horse meat, kg",2020-07-08,9608.0
"Goat meat, kg",2020-07-08,8349.0
"Mutton, kg",2020-07-16,10643.0
"Beef, kg",2020-07-16,12796.0
"Horse meat, kg",2020-07-16,9610.0
"Goat meat, kg",2020-07-16,8500.0
"Mutton, kg",2020-07-22,10586.0
"Beef, kg",2020-07-22,12709.0
"Horse meat, kg",2020-07-22,9254.0
"Goat meat, kg",2020-07-22,8349.0
"Mutton, kg",2020-07-29,10586.0
"Beef, kg",2020-07-29,12709.0
"Horse meat, kg",2020-07-29,9205.0
"Goat meat, kg",2020-07-29,8200.0
"Mutton, kg",2020-08-05,10394.0
"Beef, kg",2020-08-05,12565.0
"Horse meat, kg",2020-08-05,9242.0
"Goat meat, kg",2020-08-05,8250.0
"Mutton, kg",2020-08-12,9872.0
"Beef, kg",2020-08-12,11937.0
"Horse meat, kg",2020-08-12,9027.0
"Goat meat, kg",2020-08-12,8495.0
"Mutton, kg",2020-08-19,9826.0
"Beef, kg",2020-08-19,11349.0
"Horse meat, kg",2020-08-19,8970.0
"Goat meat, kg",2020-08-19,8124.0
"Mutton, kg",2020-08-26,9388.0
"Beef, kg",2020-08-26,11201.0
"Horse meat, kg",2020-08-26,8883.0
"Goat meat, kg",2020-08-26,8015.0
"Mutton, kg",2020-09-02,9331.0
"Beef, kg",2020-09-02,11279.0
"Horse meat, kg",2020-09-02,8749.0
"Goat meat, kg",2020-09-02,7890.0
"Mutton, kg",2020-09-09,9309.0
"Beef, kg",2020-09-09,11251.0
"Horse meat, kg",2020-09-09,8749.0
"Goat meat, kg",2020-09-09,7890.0
"Mutton, kg",2020-09-16,9185.0
"Beef, kg",2020-09-16,11265.0
"Horse meat, kg",2020-09-16,8749.0
"Goat meat, kg",2020-09-16,7642.0
"Mutton, kg",2020-09-23,9118.0
"Beef, kg",2020-09-23,11449.0
"Horse meat, kg",2020-09-23,8629.0
"Goat meat, kg",2020-09-23,7376.0
"Mutton, kg",2020-09-30,8907.0
"Beef, kg",2020-09-30,10944.0
"Horse meat, kg",2020-09-30,8491.0
"Goat meat, kg",2020-09-30,7283.0
"Mutton, kg",2020-10-07,8895.0
"Beef, kg",2020-10-07,10771.0
"Horse meat, kg",2020-10-07,8761.0
"Goat meat, kg",2020-10-07,7283.0
"Mutton, kg",2020-10-14,8501.0
"Beef, kg",2020-10-14,10946.0
"Horse meat, kg",2020-10-14,8688.0
"Goat meat, kg",2020-10-14,7283.0
"Mutton, kg",2020-10-21,8401.0
"Beef, kg",2020-10-21,10597.0
"Horse meat, kg",2020-10-21,8688.0
"Goat meat, kg",2020-10-21,7283.0
"Mutton, kg",2020-10-28,8416.0
"Beef, kg",2020-10-28,10429.0
"Horse meat, kg",2020-10-28,8448.0
"Goat meat, kg",2020-10-28,7283.0
"Mutton, kg",2020-11-04,8406.0
"Beef, kg",2020-11-04,10773.0
"Horse meat, kg",2020-11-04,8540.0
"Goat meat, kg",2020-11-04,7376.0
"Mutton, kg",2020-11-11,8936.0
"Beef, kg",2020-11-11,11115.0
"Horse meat, kg",2020-11-11,8540.0
"Goat meat, kg",2020-11-11,7376.0
"Mutton, kg",2020-11-18,8497.0
"Beef, kg",2020-11-18,11140.0
"Horse meat, kg",2020-11-18,8740.0
"Goat meat, kg",2020-11-18,6116.0
"Mutton, kg",2020-11-25,8698.0
"Beef, kg",2020-11-25,11276.0
"Horse meat, kg",2020-11-25,9041.0
"Goat meat, kg",2020-11-25,6899.0
"Mutton, kg",2020-12-02,8555.0
"Beef, kg",2020-12-02,11113.0
"Horse meat, kg",2020-12-02,8752.0
"Goat meat, kg",2020-12-02,7000.0
"Mutton, kg",2020-12-09,8508.0
"Beef, kg",2020-12-09,10974.0
"Horse meat, kg",2020-12-09,8691.0
"Goat meat, kg",2020-12-09,7000.0
"Mutton, kg",2020-12-16,8519.0
"Beef, kg",2020-12-16,11025.0
"Horse meat, kg",2020-12-16,8650.0
"Goat meat, kg",2020-12-16,7000.0
"Mutton, kg",2020-12-23,8635.0
"Beef, kg",2020-12-23,11586.0
"Horse meat, kg",2020-12-23,8969.0
"Goat meat, kg",2020-12-23,7500.0
"Mutton, kg",2020-12-30,8680.0
"Beef, kg",2020-12-30,11355.0
"Horse meat, kg",2020-12-30,8981.0
"Goat meat, kg",2020-12-30,7500.0
"Mutton, kg",2021-01-06,8728.0
"Beef, kg",2021-01-06,11371.0
"Horse meat, kg",2021-01-06,9091.0
"Goat meat, kg",2021-01-06,7500.0
"Mutton, kg",2021-01-13,8797.0
"Beef, kg",2021-01-13,11396.0
"Horse meat, kg",2021-01-13,9028.0
"Goat meat, kg",2021-01-13,7800.0
"Mutton, kg",2021-01-20,9261.0
"Beef, kg",2021-01-20,11746.0
"Horse meat, kg",2021-01-20,9028.0
"Goat meat, kg",2021-01-20,7800.0
"Mutton, kg",2021-01-27,9368.0
"Beef, kg",2021-01-27,11952.0
"Horse meat, kg",2021-01-27,9028.0
"Goat meat, kg",2021-01-27,7899.0
"Mutton, kg",2021-02-03,10554.0
"Beef, kg",2021-02-03,12863.0
"Horse meat, kg",2021-02-03,9643.0
"Goat meat, kg",2021-02-03,8746.0
"Mutton, kg",2021-02-10,10579.0
"Beef, kg",2021-02-10,12604.0
"Horse meat, kg",2021-02-10,9577.0
"Goat meat, kg",2021-02-10,8746.0
"Mutton, kg",2021-02-17,10458.0
"Beef, kg",2021-02-17,12492.0
"Horse meat, kg",2021-02-17,9577.0
"Goat meat, kg",2021-02-17,8746.0
"Mutton, kg",2021-02-24,10248.0
"Beef, kg",2021-02-24,12466.0
"Horse meat, kg",2021-02-24,9643.0
"Goat meat, kg",2021-02-24,8746.0
"Mutton, kg",2021-03-03,10229.0
"Beef, kg",2021-03-03,12416.0
"Horse meat, kg",2021-03-03,9643.0
"Goat meat, kg",2021-03-03,8746.0
"Mutton, kg",2021-03-10,10279.0
"Beef, kg",2021-03-10,12423.0
"Horse meat, kg",2021-03-10,9747.0
"Goat meat, kg",2021-03-10,8746.0
"Mutton, kg",2021-03-17,10400.0
"Beef, kg",2021-03-17,12325.0
"Horse meat, kg",2021-03-17,9984.0
"Goat meat, kg",2021-03-17,8746.0
"Mutton, kg",2021-03-24,11197.0
"Beef, kg",2021-03-24,12983.0
"Horse meat, kg",2021-03-24,11100.0
"Goat meat, kg",2021-03-24,9143.0
"Mutton, kg",2021-03-31,11414.0
"Beef, kg",2021-03-31,13208.0
"Horse meat, kg",2021-03-31,11929.0
"Goat meat, kg",2021-03-31,9143.0
"Mutton, kg",2021-04-07,11941.0
"Beef, kg",2021-04-07,13636.0
"Horse meat, kg",2021-04-07,12353.0
"Goat meat, kg",2021-04-07,9143.0
"Mutton, kg",2021-04-14,12468.0
"Beef, kg",2021-04-14,13862.0
"Horse meat, kg",2021-04-14,12708.0
"Goat meat, kg",2021-04-14,9987.0
"Mutton, kg",2021-04-21,12410.0
"Beef, kg",2021-04-21,13910.0
"Horse meat, kg",2021-04-21,12844.0
"Goat meat, kg",2021-04-21,9987.0
"Mutton, kg",2021-04-28,12460.0
"Beef, kg",2021-04-28,14005.0
"Horse meat, kg",2021-04-28,12976.0
"Goat meat, kg",2021-04-28,9987.0
"Mutton, kg",2021-05-05,12460.0
"Beef, kg",2021-05-05,13957.0
"Horse meat, kg",2021-05-05,13104.0
"Goat meat, kg",2021-05-05,9987.0
"Mutton, kg",2021-05-12,12434.0
"Beef, kg",2021-05-12,13931.0
"Horse meat, kg",2021-05-12,12935.0
"Goat meat, kg",2021-05-12,9987.0
"Mutton, kg",2021-05-19,12435.0
"Beef, kg",2021-05-19,13944.0
"Horse meat, kg",2021-05-19,13694.0
"Goat meat, kg",2021-05-19,10144.0
"Mutton, kg",2021-05-25,12231.0
"Beef, kg",2021-05-25,13990.0
"Horse meat, kg",2021-05-25,13560.0
"Goat meat, kg",2021-05-25,10144.0
"Mutton, kg",2021-06-02,12630.0
"Beef, kg",2021-06-02,14563.0
"Horse meat, kg",2021-06-02,13694.0
"Goat meat, kg",2021-06-02,10144.0
"Mutton, kg",2021-06-08,12664.0
"Beef, kg",2021-06-08,14603.0
"Horse meat, kg",2021-06-08,13349.0
"Goat meat, kg",2021-06-08,10383.0
"Mutton, kg",2021-06-16,12611.0
"Beef, kg",2021-06-16,14576.0
"Horse meat, kg",2021-06-16,13349.0
"Goat meat, kg",2021-06-16,10383.0
"Mutton, kg",2021-06-23,12907.0
"Beef, kg",2021-06-23,15141.0
"Horse meat, kg",2021-06-23,12844.0
"Goat meat, kg",2021-06-23,10488.0
"Mutton, kg",2021-06-30,12669.0
"Beef, kg",2021-06-30,14967.0
"Horse meat, kg",2021-06-30,13208.0
"Goat meat, kg",2021-06-30,10488.0
"Mutton, kg",2021-07-07,12620.0
"Beef, kg",2021-07-07,15129.0
"Horse meat, kg",2021-07-07,12981.0
"Goat meat, kg",2021-07-07,10488.0
"Mutton, kg",2021-07-14,12620.0
"Beef, kg",2021-07-14,15129.0
"Horse meat, kg",2021-07-14,12981.0
"Goat meat, kg",2021-07-14,10488.0
"Mutton, kg",2021-07-21,12303.0
"Beef, kg",2021-07-21,14660.0
"Horse meat, kg",2021-07-21,11344.0
"Goat meat, kg",2021-07-21,10488.0
"Mutton, kg",2021-07-28,12222.0
"Beef, kg",2021-07-28,14272.0
"Horse meat, kg",2021-07-28,10692.0
"Goat meat, kg",2021-07-28,10488.0
"Mutton, kg",2021-08-04,11615.0
"Beef, kg",2021-08-04,13900.0
"Horse meat, kg",2021-08-04,10741.0
"Goat meat, kg",2021-08-04,10488.0
"Mutton, kg",2021-08-11,11598.0
"Beef, kg",2021-08-11,13855.0
"Horse meat, kg",2021-08-11,10741.0
"Goat meat, kg",2021-08-11,10488.0
"Mutton, kg",2021-08-18,11162.0
"Beef, kg",2021-08-18,13537.0
"Horse meat, kg",2021-08-18,9833.0
"Goat meat, kg",2021-08-18,9000.0
"Mutton, kg",2021-08-25,11152.0
"Beef, kg",2021-08-25,13514.0
"Horse meat, kg",2021-08-25,10241.0
"Goat meat, kg",2021-08-25,9000.0
"Mutton, kg",2021-09-01,11145.0
"Beef, kg",2021-09-01,13575.0
"Horse meat, kg",2021-09-01,9975.0
"Goat meat, kg",2021-09-01,8643.0
"Mutton, kg",2021-09-08,11090.0
"Beef, kg",2021-09-08,13516.0
"Horse meat, kg",2021-09-08,10111.0
"Goat meat, kg",2021-09-08,8643.0
"Mutton, kg",2021-09-15,10906.0
"Beef, kg",2021-09-15,13216.0
"Horse meat, kg",2021-09-15,10111.0
"Goat meat, kg",2021-09-15,8643.0
"Mutton, kg",2021-09-22,10865.0
"Beef, kg",2021-09-22,13429.0
"Horse meat, kg",2021-09-22,9833.0
"Goat meat, kg",2021-09-22,8643.0
"Mutton, kg",2021-09-29,10865.0
"Beef, kg",2021-09-29,13367.0
"Horse meat, kg",2021-09-29,9975.0
"Goat meat, kg",2021-09-29,8643.0
"Mutton, kg",2021-10-06,10834.0
"Beef, kg",2021-10-06,13304.0
"Horse meat, kg",2021-10-06,10224.0
"Goat meat, kg",2021-10-06,9000.0
"Mutton, kg",2021-10-13,11226.0
"Beef, kg",2021-10-13,13405.0
"Horse meat, kg",2021-10-13,10224.0
"Goat meat, kg",2021-10-13,9000.0
"Mutton, kg",2021-10-20,10996.0
"Beef, kg",2021-10-20,13081.0
"Horse meat, kg",2021-10-20,10224.0
"Goat meat, kg",2021-10-20,9000.0
"Mutton, kg",2021-10-27,10974.0
"Beef, kg",2021-10-27,13322.0
"Horse meat, kg",2021-10-27,9937.0
"Goat meat, kg",2021-10-27,8986.0
